{"camera_matrix": [[538.8919566149616, 0.0, 318.9098002909721], [0.0, 538.9517284561799, 236.92851480349427], [0.0, 0.0, 1.0]], "dist_coeffs": [[0.13486220047763986, -0.3287595801091004, -0.0003073267274296028, 0.0015174896015572492, 0.2586914942067916]]}